username,discovered_from_seed
365.sports.extra,sophiaalvarezz_
_ellietheempress_,lovejadet33n
_hann_char_,kassidy.46
_itsmollygrace_,alexus.rae
_jenniferhong,mikaylademaiter
_mariechaix_,alessi.vice
_mattward_,mikaylademaiter
_mybabyboosh_,lovejadet33n
_paulalewis,mikaylademaiter
abby.joyride,jennifer.st.jaimes
abbychamplin_,cowgirl.jess05
abbykbae,lovejadet33n
adriana_ember_1,jennifer.st.jaimes
adrianadevereaux,jennifer.st.jaimes
adriannafavero,alessi.vice
aespa.karina,elenasuvariofficial
ai.models2025,alexus.rae
aishahsofey,sofmarcelli
aitana,sofmarcelli
aiwithclaire,aiemilyrae
aiwithsaga,aiemilyrae
alannajade__,lovejadet33n
alannapow,sofmarcelli
alannasworldx,sofmarcelli
alchemissa,kassidy.46
alessiaahart,sofmarcelli
alessiacorvin,aiemilyrae
alesso,elenasuvariofficial
alex_mucci,chloemiabrown
alexademie,elenasuvariofficial|alexus.rae
alexazakarian,sofmarcelli
alexiiss166,mikaylademaiter
alexusrae.media,alexus.rae
alice.rosenblum,cowgirl.jess05
alicialauterbach,sophiaalvarezz_
alinnarosee,lia_nablake
alixearle,deannaritter98
allenfreiberg,lovejadet33n
aly_stormm,jennifer.st.jaimes
alyxandrademaiter,mikaylademaiter
amanda.fusion,jennifer.st.jaimes
amanda_sinclair_gallery,samanthaeverly33
amelia.actually.ai,jennifer.st.jaimes
ameliolivera,chloemiabrown
americanflag,cowgirl.jess05
amitie9980,kassidy.46
amy7nevills,mikaylademaiter
amy_schmit1,mikaylademaiter
amyyhaart,sofmarcelli
ana_d_armas,elenasuvariofficial
andrine.iversen,alessi.vice
angelinajolie,elenasuvariofficial
angelite.modelshowcase,samanthaeverly33
angeljessyy,karina_marukyan
angelpie,goonetgoblin
ania.devato,samanthaeverly33
anna_tetjana,jennifer.st.jaimes
annabelleluaren,aiemilyrae
annehathaway,elenasuvariofficial
annieareyouai,aiemilyrae
anniemariscalr,elenasuvariofficial|jennifer.st.jaimes
anniemariscalr_backup,deannaritter98
aquariuscreative_,lovejadet33n
aria.ivanov.ai,deannaritter98
arianagrande,deannaritter98|sophiaalvarezz_|basedxrosie
arielkytsya,goonetgoblin
arikytsya,goonetgoblin
arm_011,karina_marukyan
artbycharliehuebner,mikaylademaiter
asaprocky,basedxrosie
ashley.reed95,kassidy.46
ashleyalgeri,chloemiabrown
ashleymoney37,mikaylademaiter
ashlyncastro,sofmarcelli
audreyholt_,jennifer.st.jaimes
audreymmm4u,jennifer.st.jaimes
ava.digital.ai,aiemilyrae
ava_starz,alexus.rae
avarose.fit,cowgirl.jess05
avas_newlife,jennifer.st.jaimes
avelonvega,deannaritter98
averyxskye,lovejadet33n
azingman1,mikaylademaiter
baddies,lia_nablake
bailey.beebs,jennifer.st.jaimes
balenciaga,elenasuvariofficial
barbellinaa,sofmarcelli
bayleeadami,goonetgoblin
bblair.bear,goonetgoblin
bby.ayelen,lia_nablake
beatricedigital,aiemilyrae
beautiful.model.girls,alexus.rae
beccabarker_x,kassidy.46
beckyrecme,lovejadet33n
behindchristinakelly,cowgirl.jess05
bekarchives,goonetgoblin
belinda_hakr,mikaylademaiter
bella.ai.bridal,samanthaeverly33
bella_luccini,samanthaeverly33
bellarodriguez_96,samanthaeverly33
beyonce,sophiaalvarezz_|basedxrosie
bigribstagram,goonetgoblin
billieeilish,samanthaeverly33
bindiidotraye_,cowgirl.jess05
blackmore.arts,deannaritter98
blackrose_angelx,goonetgoblin
brandiwarner61,mikaylademaiter
breckiehill,chloemiabrown|deannaritter98|sofmarcelli
brenda_brooks,mikaylademaiter
brett_graves,mikaylademaiter
brian.a.jones,samanthaeverly33
brookesoftalk,sofmarcelli
browntwiins,chloemiabrown
bstor85,goonetgoblin
burberry,elenasuvariofficial
callherdaddy,alexus.rae
callistasomers,goonetgoblin
calvinklein,elenasuvariofficial
camila1parker,kassidy.46
camila_ai_1,deannaritter98
camistrella,goonetgoblin
cardiff_boys,deannaritter98
carlymungar,mikaylademaiter
cassandra.s95official,kassidy.46
catalina_da_costa_,jennifer.st.jaimes
catalinak.white,lovejadet33n
catlin.hill,chloemiabrown|karina_marukyan
cayla_nicole316,alexus.rae
cbum,sophiaalvarezz_
cecerose,chloemiabrown
cecilio.rodriguez56,samanthaeverly33
ceecees.comics_cosplay,deannaritter98
celine,elenasuvariofficial|sophiaalvarezz_
cemrebaysel,elenasuvariofficial
centralcee,sophiaalvarezz_
cernucci,sophiaalvarezz_
cgetsnakey,goonetgoblin
champagnepapi,sophiaalvarezz_
chanelofficial,elenasuvariofficial
charli_xcx,alexus.rae
charliesheen,alexus.rae
chloe.taylor.97,jennifer.st.jaimes
chloeyummyx,alexus.rae
christopher.hilkin,samanthaeverly33
chucks_got_cheese,mikaylademaiter
cindyysung,alessi.vice
claytonjohn.ai,aiemilyrae
cleo_shopen,aiemilyrae
cleojenkinz,jennifer.st.jaimes
coochiediabetes,goonetgoblin
coolesthue,alexus.rae
corridiem,kassidy.46|deannaritter98
corrieyee,lovejadet33n
courtney.smith.allen,kassidy.46
crawfordmodels,alessi.vice
creators,elenasuvariofficial
creedfragrance,elenasuvariofficial
crystal.wyld,jennifer.st.jaimes
cutietaybaby,cowgirl.jess05
cybeauty.collabs,alexus.rae
cybeauty.influencers,alexus.rae
daiseyodonnell,chloemiabrown
dakota.m44,mikaylademaiter
dakotaokafor21,deannaritter98
danbilzerian,deannaritter98
dani.thegirl.1,deannaritter98
danicooppss,cowgirl.jess05
daniela0558,goonetgoblin
daniella.celli,chloemiabrown
daria.042,jennifer.st.jaimes
davidsmithcal1,samanthaeverly33
ddanastan,elenasuvariofficial
deanna.ritter.98,deannaritter98
deanna_ritter98,kassidy.46
delaneyritter02,kassidy.46
demirose,chloemiabrown
demitrakalogeras,lia_nablake
dior,elenasuvariofficial
diorbeauty,elenasuvariofficial
djkhaled,sophiaalvarezz_
dmwhitford,goonetgoblin
dnamodels,alessi.vice
doja_spice,kassidy.46
dolcegabbana,elenasuvariofficial
dollydoesvlogs,alexus.rae
dollyparton,cowgirl.jess05
dr98ai,jennifer.st.jaimes
dream_aliceshaw,samanthaeverly33
dualipa,alessi.vice|sofmarcelli
earl.veteran,cowgirl.jess05
eleanore.stanton,alessi.vice
elektradream.ia,deannaritter98
elizabethfortmeyer,jennifer.st.jaimes
ellalangleymusic,cowgirl.jess05
ellarosenfjel,cowgirl.jess05
ellysa.yagho,goonetgoblin
emily.mooree,mikaylademaiter
emilygoncalo,mikaylademaiter
emilyzoyana,jennifer.st.jaimes|samanthaeverly33
emlouisecutie,cowgirl.jess05|deannaritter98
emma.travelhub,samanthaeverly33
emtinipon,mikaylademaiter
enchantedeirestudios,kassidy.46
erikacolemanec,alessi.vice
esterbron,lovejadet33n
estrellavirtuosa,jennifer.st.jaimes
euphoria,alexus.rae
evanamariaa,lia_nablake|lovejadet33n|sofmarcelli
evanitaaaa,karina_marukyan
evegale,chloemiabrown
evieleana1_,alexus.rae
fabby_gabbi,kassidy.46
faceless_glowup_era,aiemilyrae
faceless_marketinghub,aiemilyrae
facelessbyty,aiemilyrae
facelesswithmorgs,aiemilyrae
fannabeofficial,alexus.rae
fansly,chloemiabrown
farmwifetaylor,cowgirl.jess05
faroukiie,goonetgoblin
fatherkels,kassidy.46
fatstinkycrotchgoblin,goonetgoblin
fcbarcelona,karina_marukyan
feedingstarvingcelebs,goonetgoblin
fernandacosta.ia,jennifer.st.jaimes
filippafranssoon,sophiaalvarezz_
fionadang,alessi.vice
firesurprisse,lovejadet33n
fit_aitana,kassidy.46
flora_dcruzz,samanthaeverly33
fordmodels,alessi.vice
fordmodelsparis,alessi.vice
fordtrucks,cowgirl.jess05
francisco_montes_diaz,deannaritter98
friedsamnime,goonetgoblin
futureflow.systems,aiemilyrae
gabimfmoura,lia_nablake
gabriela7.0,cowgirl.jess05
gallienne,sophiaalvarezz_
geewonii,elenasuvariofficial
genesislopez,deannaritter98
georginagio,sofmarcelli
gigihadid,basedxrosie
girligirl_boutique,jennifer.st.jaimes
girls,sofmarcelli
goddessolivia.ai,aiemilyrae
googleworkspace,elenasuvariofficial
goonergemma,cowgirl.jess05|goonetgoblin
gothjadee,sofmarcelli
gracebeai,aiemilyrae
gracie.bestie_,cowgirl.jess05
graciebooom,cowgirl.jess05
graycie.png,cowgirl.jess05
greceghanem,alessi.vice
guess,elenasuvariofficial
gusthemule,cowgirl.jess05
ha_doreen_8172,jennifer.st.jaimes
hailey.lopezxo,jennifer.st.jaimes
haileyardenai,aiemilyrae
haileybieber,goonetgoblin
hanasoul.ai,aiemilyrae
handemiyy,elenasuvariofficial
hannah_ceee,deannaritter98
hardener.only_,alexus.rae
harmony_decourcy,jennifer.st.jaimes
helenaakln,sophiaalvarezz_
hello_vexie_xoxo,deannaritter98
heraisuite,aiemilyrae
heralterego.02,cowgirl.jess05
heyitsalexstar,cowgirl.jess05
heyshantaq,alessi.vice
higgsfield.ai,kassidy.46
higgsfield.creators,kassidy.46
hilaryduff,jennifer.st.jaimes
hina_chocoboo13,jennifer.st.jaimes
hollyy.kimm,jennifer.st.jaimes
honeygoldxx,lovejadet33n
honeypackscom,lovejadet33n
houseof.stories_,aiemilyrae
huntergagner,mikaylademaiter
hyeri_0609,elenasuvariofficial
i.am_aarohii,aiemilyrae
iambrixus,alexus.rae
iamelarafox,alexus.rae
iamnoelxy,cowgirl.jess05
iamritafaez,karina_marukyan|deannaritter98|ritafaez
icespice,alexus.rae
ilovemylucydeet,samanthaeverly33
im_eileen96,samanthaeverly33
im_yanalui,alexus.rae
imfaithxo,chloemiabrown
imjadejoy,jennifer.st.jaimes
indie.noor.ai,aiemilyrae
inner_aurea,aiemilyrae
instagram,kassidy.46|deannaritter98|sofmarcelli
irisblack_model,samanthaeverly33
isabelgennaro,aiemilyrae
isabellasofiarossi,sophiaalvarezz_
isabellemathersx,chloemiabrown
iskiratala,jennifer.st.jaimes
itl.picks,goonetgoblin
its.novaquinn,alexus.rae
its.rori.rosee,aiemilyrae
its.tamara.shevchenko,jennifer.st.jaimes
itsangelsophia,aiemilyrae
itsariana.luxe,samanthaeverly33
itsaudreyavery,sofmarcelli
itsbabytana,deannaritter98
itsbecmcleod,cowgirl.jess05
itsbriara,lovejadet33n
itscaialuz,aiemilyrae
itsdesireedee,sofmarcelli
itsgiagwen,goonetgoblin|lovejadet33n
itsheidihilton,alexus.rae
itsryder.ai,aiemilyrae
itzjusttavia.xx,lovejadet33n
ivymoon_xo,samanthaeverly33
ivyyvale_,sofmarcelli
jacy.haff,samanthaeverly33
jadelynmusic,chloemiabrown
jademonree,sofmarcelli
jaele_corsi,sophiaalvarezz_
jakepaul,alessi.vice
jalisaevaughn,alessi.vice
jasinyavanputten,alessi.vice
jefffahl,samanthaeverly33
jellybeanxoo,goonetgoblin|samanthaeverly33
jennaortega,elenasuvariofficial
jennas.here,deannaritter98
jere_bear97,lovejadet33n
jerryphipps534,cowgirl.jess05
jessicagustaffson,kassidy.46
jessicahole_official,karina_marukyan
jessicapicobello,jennifer.st.jaimes
jimmyoyang,alessi.vice
joannaangel,lovejadet33n
joanne.kisses,chloemiabrown
jodyvollmodel,kassidy.46
johndubuindy,samanthaeverly33
jolieejuicy,chloemiabrown
joly_dager,samanthaeverly33
jonesco.nv,cowgirl.jess05
jordynleighton,deannaritter98
josephhamdan_,deannaritter98|samanthaeverly33
joywithkelina,alessi.vice
joyy.mei,lia_nablake
julesbirdy_,goonetgoblin
julia.filippo,lia_nablake
julia_cavanagh,chloemiabrown
julia_cox_3,jennifer.st.jaimes
juliafilippo_,lia_nablake
julianne_hong,mikaylademaiter
just.call.me.layla,kassidy.46
just.naomi4,kassidy.46
justbeemma,lovejadet33n
justcallmelayla.reels,kassidy.46
justheatherthings,deannaritter98
justmeloff,karina_marukyan
juttaleerdam,sofmarcelli
jxssiejh,chloemiabrown
kaeleereneofficial,cowgirl.jess05
karelyx4,deannaritter98
karinamar_prvt,karina_marukyan
kat_in_nyc,alessi.vice
kathas_balanced_kitchen,chloemiabrown
katiehamden_,sofmarcelli
katiesigmond,sofmarcelli
kayyleeanderson,mikaylademaiter
kazumisworld,lovejadet33n
kelcieevert,mikaylademaiter
kendalljenner,lia_nablake|sophiaalvarezz_|basedxrosie
kenz4abenz,lovejadet33n
kenzvanhooy,mikaylademaiter
kestutiscinga,samanthaeverly33
kevynyo1,goonetgoblin
khloekardashian,sophiaalvarezz_|basedxrosie
khy,aiemilyrae
kiarablakke,sofmarcelli
kibabes_art,alexus.rae
kikiherre_,kassidy.46
kimberkawaii,jennifer.st.jaimes
kimkardashian,lia_nablake|karina_marukyan|sophiaalvarezz_|basedxrosie
kingbach,alessi.vice
kirapregiato,lia_nablake
kiraslaps,lovejadet33n
kittyangel75,deannaritter98
klaudiaglam,kassidy.46
koji.luuv,kassidy.46
kourtneykardash,basedxrosie
krystal.galtry,lovejadet33n
kyara.lux,aiemilyrae
kylanisimone,kassidy.46
kylayesenosky,chloemiabrown
kyliecosmetics,sophiaalvarezz_
kyliejenner,lia_nablake|sophiaalvarezz_
kzbn.tysz,jennifer.st.jaimes
laclynnkimberly,chloemiabrown|karina_marukyan
ladiesinshirts,jennifer.st.jaimes
ladygaga,alexus.rae
lalalalisa_m,samanthaeverly33
lanaa_x0x,aiemilyrae
laylabellssx,sofmarcelli
layna_boo,chloemiabrown
leahhalton,lia_nablake|sofmarcelli
lelasohnabaka,lia_nablake
lenatheplug,lovejadet33n
leomessi,samanthaeverly33
leona.peachy,chloemiabrown
leoniex.official,jennifer.st.jaimes|alexus.rae
lera.berry,elenasuvariofficial
lerabuns,elenasuvariofficial
letrileylive,chloemiabrown|goonetgoblin
lewishamilton,alessi.vice|sophiaalvarezz_
lexielearmann,sophiaalvarezz_
lexischmidtai,kassidy.46
lexmanolakos,mikaylademaiter
lilbieber,sophiaalvarezz_
liluzivert,karina_marukyan
lilyjamesofficial,elenasuvariofficial
lilymhe,elenasuvariofficial
lilysommeai,aiemilyrae
linny_ai111,jennifer.st.jaimes
littlelolapeach,sofmarcelli
livelike.zara,aiemilyrae
livi_taylorx,sofmarcelli
livvydunne,lia_nablake
lizakovalenkoo,chloemiabrown
lizknelsen,mikaylademaiter
loosescrewgirl,goonetgoblin
lorijunetwo,jennifer.st.jaimes
louisakhovanski,chloemiabrown
louisvuitton,sophiaalvarezz_
loveislandusa,goonetgoblin
lucy.brks,cowgirl.jess05|sofmarcelli
lucy_lemon.ai,samanthaeverly33
luluromanova_,cowgirl.jess05
lupitavaldesluis,lovejadet33n
lydiavioletofficial,sofmarcelli
lydiiaweber,sofmarcelli
lyndsikraay,mikaylademaiter
m_kayoung,elenasuvariofficial
mackenzy_quinn,jennifer.st.jaimes
maddiepricelol,sofmarcelli
maddisonfox__,alexus.rae
maddybarrie,mikaylademaiter
madi.ruve,goonetgoblin
madicollinsxx,goonetgoblin
madiehet,mikaylademaiter
madisonbeer,sofmarcelli
madisonbeerhq,sophiaalvarezz_
madisoncoutts,mikaylademaiter
madonna,alexus.rae
mailiholt,sophiaalvarezz_
mandi_mels,mikaylademaiter
mapdancer29,alessi.vice
mariahcarey,alexus.rae|samanthaeverly33
mariavictoriatg,chloemiabrown
mariegrasee,aiemilyrae
marietemara,lovejadet33n
marilynagencyparis,alessi.vice
marlon3lg,sophiaalvarezz_
marqot.robbie,alexus.rae
martaa_diiaz,sophiaalvarezz_
mashhh__,sophiaalvarezz_
mathildtantot,elenasuvariofficial|chloemiabrown|sofmarcelli
matthewtowersphoto,alessi.vice
maxreignn,lovejadet33n
maya_galore,alessi.vice
mayhashiira,lovejadet33n
meganhakr,mikaylademaiter
melanin_ai,kassidy.46
melimtx,sofmarcelli|sophiaalvarezz_
melissa.hayal,samanthaeverly33
melodylory_2.0,samanthaeverly33
melonandcake,chloemiabrown
meloreyelson,mikaylademaiter
metaforbusiness,elenasuvariofficial
mia.sophie_2001,kassidy.46
miaaa_fer16,chloemiabrown
miamalkova,chloemiabrown
miamihurricanes,lia_nablake
miamimoxie,goonetgoblin
michaeljackson,samanthaeverly33
michaelrubin,samanthaeverly33
michelledomingos,sophiaalvarezz_
michelllop14,samanthaeverly33
midland,cowgirl.jess05
miiia.sanchez_,jennifer.st.jaimes
mikaelaa_cruz,sofmarcelli
mikethurston,sophiaalvarezz_
miketyson,sophiaalvarezz_
mikkixmarie,cowgirl.jess05
milacherrygrlfrnd,goonetgoblin
milenas_virtual_realm,jennifer.st.jaimes
millasnake,cowgirl.jess05|deannaritter98
millasofiafin,kassidy.46
millie_maham,sofmarcelli
milliebobbybrown,elenasuvariofficial
millyalcock,deannaritter98
missx_isabella,alexus.rae
missymalou77,deannaritter98
miumiu,sophiaalvarezz_
mobileeditingclub,aiemilyrae
models__ai,kassidy.46
molliehartxo,sofmarcelli
molly_odonnell5,mikaylademaiter
mollyeskam,chloemiabrown
momycarterx,lovejadet33n
monetplayz,alessi.vice
monikas.edit,aiemilyrae
monkabutt,lovejadet33n
moo_free_chocolates,lovejadet33n
moonmariedesigns,lovejadet33n
mosseri,elenasuvariofficial|chloemiabrown|alexus.rae
mosttalentedbaldman,alexus.rae
mounalabarcelonaise,sofmarcelli
moxierey,goonetgoblin
mrbeast,alexus.rae
mrs.ritter.makes.art,jennifer.st.jaimes
ms_chelsmarie,lovejadet33n
msdirndl,kassidy.46
musemodelsnyc,alessi.vice
my_life.jouery._,deannaritter98
myalphabetlife,samanthaeverly33
mylifeasvia,goonetgoblin
naaztorbati,chloemiabrown
nadiabennt,elenasuvariofficial|cowgirl.jess05|sofmarcelli
nalaniimani,aiemilyrae
nanna.beate,aiemilyrae
naomi_wonng,alessi.vice
naomidamiani_,samanthaeverly33
naomisdigitalera,aiemilyrae
natalia.mitsunya,jennifer.st.jaimes
navahere,jennifer.st.jaimes
nerostevecat,deannaritter98
newyorkmodels,alessi.vice
newyorkmodelsdirect,alessi.vice
nextgen.emma,aiemilyrae
neymarjr,samanthaeverly33
nfl,karina_marukyan
nglitsmeee,cowgirl.jess05
nicolajaynegreen,jennifer.st.jaimes
nicolerusso_,alessi.vice
noahsvensgaard,sofmarcelli
noemimartini932,alexus.rae
noirstormix,kassidy.46
notanyalacey,cowgirl.jess05
notjulesari,goonetgoblin
nour,sophiaalvarezz_
nouvellecreativestudio,aiemilyrae
nuse4kan,jennifer.st.jaimes
nyfw,alessi.vice
nylaaibanks,kassidy.46
officialamandabreden,chloemiabrown
officialmodelsny,alessi.vice
officialvanessaraeadams,cowgirl.jess05
oldloserinbrooklyn,alessi.vice
oliviaahilton,mikaylademaiter
oliviahenry4,mikaylademaiter
oliviajaymesrn,lovejadet33n
oliviamoon13,jennifer.st.jaimes
oliviaphillipps,elenasuvariofficial
otoromiami,lovejadet33n
ouimanagement,alessi.vice
ozgeyagizz,elenasuvariofficial
panda.977233,alexus.rae
pandorakaaki,chloemiabrown
pandorasvip,chloemiabrown
parishilton,sophiaalvarezz_
patti_wilson,alessi.vice
paytonsab,mikaylademaiter
peaches.monroe.esq,jennifer.st.jaimes
pegasusprincesss,goonetgoblin
petite.princessxo,goonetgoblin
phoebeisobelx,chloemiabrown
pinkpixelbabe,aiemilyrae
piperrockelle,lia_nablake
pj.cute_models,kassidy.46
poppy_frazz,jennifer.st.jaimes
power.ai,alexus.rae
prada,elenasuvariofficial
premiermodels,alessi.vice
princessandpassion.ai,aiemilyrae
promptatrium,deannaritter98
promptedher,deannaritter98
qimmahrusso,lovejadet33n
quenblackwell,goonetgoblin
r.m.ray,lovejadet33n
raineglows,jennifer.st.jaimes
rajaobelinaa,kassidy.46
randyhawks,samanthaeverly33
rascal.scamp,mikaylademaiter
ravendeleware,jennifer.st.jaimes
rayspotton,mikaylademaiter
realbarbarapalvin,elenasuvariofficial
realcamillaara,lia_nablake|goonetgoblin
realdonaldtrump,cowgirl.jess05|karina_marukyan
realskybri,chloemiabrown
rebrowed.co,aiemilyrae
redhead_autumn_aileaf,jennifer.st.jaimes
reese.vuitton,sophiaalvarezz_
remi_mac,mikaylademaiter
renedwards101,mikaylademaiter
reobrydges,sophiaalvarezz_
republicans,cowgirl.jess05
rex.roten,deannaritter98
rhegan777,goonetgoblin
richardtrach,cowgirl.jess05
rinnibunny,goonetgoblin
ritaa.galland,chloemiabrown
robertdowneyjr,alessi.vice
romymanolakos,mikaylademaiter
rosalie_vale_art,samanthaeverly33
rossi.campbell,karina_marukyan
rourke,kassidy.46
rouxwateroutfitters,samanthaeverly33
rubydebruler,mikaylademaiter
runwayinfluence,lovejadet33n
sabrina.ritter.forever,elenasuvariofficial|kassidy.46
sabrina.ritter.rises,jennifer.st.jaimes
sabrinacarpenter,lia_nablake|sophiaalvarezz_
sabytuts,lovejadet33n|sofmarcelli
sadieemckennaa,sofmarcelli|sophiaalvarezz_
samantha802022,deannaritter98
samantharaynerx,sophiaalvarezz_
sammivlasman,mikaylademaiter
sammythomas1997,samanthaeverly33
sarahsmith88,mikaylademaiter
saras.times,jennifer.st.jaimes
satin.ai,jennifer.st.jaimes
savstruck,goonetgoblin
secretjalot,deannaritter98
selenagomez,alessi.vice|basedxrosie
selenaluna03,kassidy.46|sofmarcelli
selenasometimes,kassidy.46
senyamarin,elenasuvariofficial
sharonx9g,jennifer.st.jaimes
shawnostrosser,deannaritter98
shinobu_kitsune,deannaritter98
siennaraefx,aiemilyrae
sierraaaskyee,chloemiabrown
sierrauzaki,chloemiabrown
simonarenzetti.fit,karina_marukyan
simply.megan.x,alexus.rae
sirenadigitalia,aiemilyrae
sissy_kangan,deannaritter98
sizahanatsuyu,samanthaeverly33
skims,lia_nablake
sky_queens19,kassidy.46
slayhil,lovejadet33n
smalltownvanessa,cowgirl.jess05
smashedely,goonetgoblin
smnthalopezz,sophiaalvarezz_
sofiavergara,sophiaalvarezz_
solis_atena_official,samanthaeverly33
sona_vardanyanai,samanthaeverly33
sonjasimioni,mikaylademaiter
sophia.fox.official,deannaritter98
sophie.tulips,elenasuvariofficial
sophie_cham,cowgirl.jess05
sophiedee,chloemiabrown|alexus.rae
sophieemeliae,jennifer.st.jaimes
sophieraiin,chloemiabrown|lia_nablake|sofmarcelli|sophiaalvarezz_
spideyava,goonetgoblin
ssunshinessmiless,sophiaalvarezz_
stokewitt,cowgirl.jess05
strawberry_coffie_ginger,kassidy.46
sudemadanur,chloemiabrown
summerhayes123,kassidy.46
summerkbrooks,jennifer.st.jaimes
sundaykalogeras,lia_nablake
superman,deannaritter98
suprememgmt,alessi.vice
sweet_sam_x,kassidy.46
sydney_sweeney,deannaritter98|sofmarcelli
sylvijaa,chloemiabrown
sza,alexus.rae|sophiaalvarezz_
tammy_graves77,mikaylademaiter
tammyhembrow,sophiaalvarezz_
taoagou,elenasuvariofficial
tarsomarquesoficial,sophiaalvarezz_
tatemcrae,alexus.rae
taylorclark_15,mikaylademaiter
taylorswift,elenasuvariofficial
taylorvixxen,alexus.rae
terrence.cotton,deannaritter98
the.fashionistas.lifestyle,jennifer.st.jaimes
the.reel.isla.moon,lovejadet33n
the_amanda_nicole,alexus.rae
thealixlynx,lovejadet33n
theangelawhite,alexus.rae
theanyamatusevich,cowgirl.jess05
thecalmmind_andme,aiemilyrae
thecave.kitchen,lovejadet33n
thedandangler,samanthaeverly33
thedumbledong,samanthaeverly33
theevaelfie,samanthaeverly33
thehaileyhayes,lovejadet33n
thehannaverse,karina_marukyan
therealbrittfit,lovejadet33n
thickortreats,sofmarcelli
tiffanyandco,elenasuvariofficial
timburton,alessi.vice
tisshko,samanthaeverly33
tomholland2013,alessi.vice
tonycain22,alexus.rae
tshk.dg,chloemiabrown
univmiami,lia_nablake|karina_marukyan
urfavbellabby,cowgirl.jess05
usa,cowgirl.jess05|karina_marukyan
usmeko,lovejadet33n
valentinabrunno,sofmarcelli
valeria.cruz.84,jennifer.st.jaimes
valeriaxsofia,sophiaalvarezz_
vanessabanevt,deannaritter98
vannaanguyen,mikaylademaiter
vega_thompson,cowgirl.jess05|sophiaalvarezz_
verabankss,cowgirl.jess05
verytallginna,sofmarcelli
vibezmiami_,lovejadet33n
vickytorres_official,kassidy.46
victoriamonet,alexus.rae
victoriaturnerr,chloemiabrown
virtualgabriella,aiemilyrae
visionto.digital,aiemilyrae
viviana_vibe,jennifer.st.jaimes
vivylue,cowgirl.jess05
vogue_isa22,jennifer.st.jaimes
voguemagazine,elenasuvariofficial|alessi.vice
voguerunway,elenasuvariofficial
voluptuousai,jennifer.st.jaimes
waifuviolet,goonetgoblin
weworewhat,alessi.vice
whitehouse,cowgirl.jess05|lia_nablake
willlowharper,lovejadet33n
willy.scouts,alessi.vice
wisdomfromherlips,jennifer.st.jaimes
womenmanagementla,alessi.vice
x.applbottomjnz,goonetgoblin
yoleendadong,alessi.vice
yoursistersbff,goonetgoblin
yuna_1_27,elenasuvariofficial
zahara_bloom,aiemilyrae
zara,elenasuvariofficial
zara_davis_,kassidy.46
zara_feltham_,alessi.vice
zaramakesreels,kassidy.46
zendaya,alessi.vice|deannaritter98|alexus.rae
ziennasonne,chloemiabrown
zoeyiso,goonetgoblin
