username,external_url,reason
1finesse2tymes,https://music.apple.com/us/album/on-n-on-single/6805772971,"near-empty page (0 text chars, http 404)"
1sakimo,https://youtube.com/@simplysakimo,"near-empty page (169 text chars, http 200)"
_littletins,https://hiiii.me/itslil,"near-empty page (112 text chars, http 200)"
_misslexiii,http://lexi.unrulyverse.be/,"near-empty page (148 text chars, http 200)"
abbey_johnsonxx,https://instagram.com/abbeyleecouture?igshid=OGQ5ZDc2ODk2ZA%253D%253D&utm_source=qr,"near-empty page (9 text chars, http 200)"
adiza.sankofa,http://bouncy.ai/adiza,"near-empty page (171 text chars, http 200)"
adizasankofa,http://bouncy.ai/adiza,"near-empty page (171 text chars, http 200)"
alannaaussiee,https://onlylinks.com/simplyalanna,"near-empty page (199 text chars, http 200)"
aliciadavisxx,http://aliciadavis.net/,"near-empty page (132 text chars, http 200)"
allegraalynn,https://linky.me/allegraalynn,"near-empty page (183 text chars, http 200)"
amber_hazee,http://amberhaze.vip/,"near-empty page (150 text chars, http 200)"
amvicklove,https://youtube.com/@skillettalkpodcast,"near-empty page (176 text chars, http 200)"
angeelaalvarezz,http://angeelaalvarezz.vip/,"near-empty page (14 text chars, http 200)"
angelferrnandezz,http://angelfernandezonline.com/,"near-empty page (42 text chars, http 200)"
ari3s.de.vu,https://www.instagram.com/tequila_comisario?igsh=NTc4MTIwNjQ2YQ%3D%3D,"near-empty page (9 text chars, http 200)"
ashleymariaserrano,https://bouncy.ai/ashleyserrano,"near-empty page (32 text chars, http 200)"
athenakamixo,https://bouncy.ai/athenakami,"near-empty page (18 text chars, http 200)"
awfulgrimbonez,https://twitch.tv/awfulgrimbonez,"near-empty page (6 text chars, http 200)"
babydollslumber,https://youtube.com/@babydollslumber?si=lkGprs3XaEH8Sqh6,"near-empty page (173 text chars, http 200)"
beyonce,https://beyonce.com,"near-empty page (42 text chars, http 200)"
bridgetjeann,http://bridgetjean.com/,"near-empty page (112 text chars, http 200)"
carlossjr13,http://twitch.tv/carlos13sanchez,"near-empty page (6 text chars, http 200)"
catlin.hill,http://catlinhill.com/,"near-empty page (30 text chars, http 200)"
cayleighjoy,https://link.me/cayleighjoyy,"near-empty page (197 text chars, http 200)"
cece_rosee_,https://bouncy.ai/cecerose,"near-empty page (18 text chars, http 200)"
cecerose,https://bouncy.ai/cecerose,"near-empty page (18 text chars, http 200)"
chloewildd.xo,https://wilddchloe.com/exclusive,"near-empty page (98 text chars, http 200)"
clipitfast,https://calendly.com/clipitfastllc/30min,"near-empty page (8 text chars, http 200)"
creators,http://meta.me/metaoneforcreators,"near-empty page (116 text chars, http 400)"
dasha.angel,http://tease.link/dasha,"near-empty page (172 text chars, http 200)"
deadeyeprotectiveservices,https://deadeyeprotectiveservices.com/,"fetch error: HTTPSConnectionPool(host='deadeyeprotectiveservices.com', port=443): Max retries exceeded with url: / (Caused by NameResolutionError(""HTTPSConnection(host='deadeyeprotectiveservices.com', port=443): Failed to resolve 'deadeyeprotectiveservices.com' ([Errno 8] nodename nor servname provided, or not known)""))"
deenthegreat,https://stake.us/?offer=cob,"fetch error: HTTPSConnectionPool(host='stake.us', port=443): Max retries exceeded with url: /?offer=cob (Caused by NameResolutionError(""HTTPSConnection(host='stake.us', port=443): Failed to resolve 'stake.us' ([Errno 8] nodename nor servname provided, or not known)""))"
dem0nmika,http://bouncy.ai/demonmika,"near-empty page (171 text chars, http 200)"
diriderx,http://dirdr.com/,"near-empty page (57 text chars, http 200)"
evanamariaa,http://tapmysocials.com/evanaa,"near-empty page (18 text chars, http 200)"
ffawty,https://www.youtube.com/watch?v=KRJGN_hAvWw,"near-empty page (195 text chars, http 200)"
francesbentleyxo,http://www.francesbentley.world/,"near-empty page (199 text chars, http 200)"
freezertarps,https://discord.com/invite/yeSjswah3B,"near-empty page (12 text chars, http 200)"
gabbiecarter,https://tapthis.io/gabbie/,"near-empty page (152 text chars, http 200)"
georgeys.eats,https://melbmara2026.grassrootz.com/beyondblue/hayley-george/?tab=donations,"near-empty page (112 text chars, http 200)"
gialoverrr,http://gialover.com/,"near-empty page (9 text chars, http 200)"
gigiibunnyy,http://gigiiwaifu.com,"near-empty page (23 text chars, http 200)"
gigiireels,https://bouncy.ai/gigiibunnyy,"near-empty page (18 text chars, http 200)"
graciebon,http://bonbongirlie.com/,"near-empty page (56 text chars, http 200)"
heralterego.02,http://bouncy.ai/itsmebec,"near-empty page (18 text chars, http 200)"
hollymarshall7,https://depop.app.link/qsWEfRdsO4b,"near-empty page (172 text chars, http 403)"
hybeamerica,https://hybecorp.com,"near-empty page (4 text chars, http 200)"
hybelatinamerica,http://x.com/hybe_latam,"near-empty page (0 text chars, http 500)"
ilovekaylaxx,https://hoo.be/ilovekayla,"near-empty page (75 text chars, http 200)"
angeljessyy,https://page.imangeljessy.com/,"near-empty page (79 text chars, http 200)"
_itsellabaileyy,http://ellaai.me/,"near-empty page (25 text chars, http 200)"
_itsemma_,http://itsemmaa.com/,"near-empty page (9 text chars, http 200)"
adam22,http://youtube.com/nojumper,"near-empty page (165 text chars, http 200)"
alan.arrieeta,https://open.spotify.com/intl-es/artist/6raQ4bhFk0JuTS7i3nZBXr?si=oGzjQIH3Qy6mEyhH8TLPYA,"near-empty page (7 text chars, http 200)"
aldoarturooo,https://youtube.com/@aldoarturooficial?si=ni-Ed2gpa2t5y0Na,"near-empty page (163 text chars, http 200)"
alex_mucci,https://go.alexisfans.com/,"near-empty page (116 text chars, http 200)"
alexisfierro01,https://open.spotify.com/artist/0rUu2qzqezBrCddX1RuUyJ?si=7nD18EPwQCqTfjVJxQp0wg,"near-empty page (7 text chars, http 200)"
alexxa_fire,https://link.me/alexxa_fire,"near-empty page (188 text chars, http 200)"
allison_fash,https://www.elfin-forest.org/givebutter.htm,"near-empty page (127 text chars, http 200)"
angelmelly,https://bouncy.ai/angelmelly,"near-empty page (110 text chars, http 200)"
angielynxreal,https://allmylinks.com/angielynx,"near-empty page (16 text chars, http 403)"
annatoo.hey,https://waveyagency.be/annatoohey,"near-empty page (142 text chars, http 200)"
annieknight.more,http://annieknight.link/annieknightmore,"near-empty page (107 text chars, http 200)"
arlenevera_24,https://linkcloud.ai/arlenevera24,"near-empty page (196 text chars, http 200)"
asaprocky,http://asaprocky.lnk.to/dontbedumb,"near-empty page (162 text chars, http 200)"
autumnfallsx,https://tapthis.io/autumn/,"near-empty page (140 text chars, http 200)"
badgalriri,https://rihanna.lnk.to/savagex,"near-empty page (16 text chars, http 200)"
biancadata_official,https://biancabts.com/,"near-empty page (28 text chars, http 200)"
charleyanndom,https://bio.site/charleyanndom,"near-empty page (135 text chars, http 200)"
chinito_pacas,https://www.facebook.com/profile.php?id=100090316358950&mibextid=wwXIfr,"near-empty page (116 text chars, http 400)"
chloe.vs.history,https://beacons.ai/chloe.vs.history,"near-empty page (16 text chars, http 403)"
coileray,https://coileray.lnk.to/bio_,"near-empty page (9 text chars, http 200)"
danielcaesar,https://danielcaesar.lnk.to/Tour,"near-empty page (20 text chars, http 200)"
doechii,https://youtu.be/jBKJbedSrA0?si=X9h3NZazqRAf1TsG,"near-empty page (184 text chars, http 200)"
doriancarlisle_,https://www.fanbasis.com/agency-checkout/WayOfHeartz/lOPor,"near-empty page (15 text chars, http 200)"
drpena_cirujanoplastico,https://wa.me/message/MRKDS4QHPQRMP1,"near-empty page (116 text chars, http 400)"
ellielovestotravel,https://youtube.com/@ellietheempress,"near-empty page (182 text chars, http 200)"
emiblue16_,https://open.spotify.com/artist/5PqJ1FTbrF7vML9bDQjZ6U?si=BduY1gcaQvuuE0fvERGTqg&utm_source=copy-link,"near-empty page (7 text chars, http 200)"
evelynomadera,https://www.twitch.tv/evelynomadera,"near-empty page (30 text chars, http 200)"
fazerug,https://youtube.com/@rug,"near-empty page (164 text chars, http 200)"
filmsbyj0sh,https://www.youtube.com/@FilmsByjoshh,"near-empty page (167 text chars, http 200)"
flaviacucalon,https://www.youtube.com/@flaviacucalon,"near-empty page (170 text chars, http 200)"
gabimfmoura,https://youtube.com/@gabimfmoura?si=vU21Ys6RzOtjtcUV,"near-empty page (166 text chars, http 200)"
gamergirlrosee,https://youtu.be/VRinDVGQd50?si=icWyK4MVTMguR9Qo,"near-empty page (155 text chars, http 200)"
gavinn,https://open.spotify.com/track/0W8MDilNmz5I5B6uWSE4cb?si=H1CsxoIqQImkoVjFtoFyPQ,"near-empty page (7 text chars, http 200)"
giadierking,https://linkcloud.ai/giadierking?utm_source=ig&utm_medium=social&utm_content=link_in_bio,"near-empty page (129 text chars, http 200)"
halburns,https://www.halleburns.com/,"near-empty page (141 text chars, http 200)"
halobeverlyhills,http://calendly.com/halobeverlyhills,"near-empty page (54 text chars, http 200)"
hollyshepherd_,http://hollyyshepherdd.com/,"near-empty page (115 text chars, http 200)"
honeybirdette,https://likeshop.me/honeybirdette,"near-empty page (8 text chars, http 200)"
hybeamericas,https://hybecorp.com,"near-empty page (4 text chars, http 200)"
iamsydneythomas,http://hoo.be/iamsydneythomas/,"near-empty page (177 text chars, http 200)"
its.naje,http://twitch.com/its_naje,"near-empty page (6 text chars, http 200)"
itsayarose,https://ayarose.me/,"near-empty page (26 text chars, http 200)"
itsblondetori,https://itsblondetori.com/,"near-empty page (26 text chars, http 200)"
itshayleydavies,http://hayleydavies.world/,"near-empty page (13 text chars, http 200)"
itsraissabellinis,http://bouncy.ai/raissa,"near-empty page (18 text chars, http 200)"
itsthespicyitalian,http://link.me/thespicyitalian,"near-empty page (136 text chars, http 404)"
jadelynmusic,https://linky.me/jadelyn,"near-empty page (119 text chars, http 200)"
janefordreels,http://janeford.vip/,"near-empty page (142 text chars, http 200)"
jaoferreira,https://open.spotify.com/album/66ZWKPN224hUfZMDd3pmq5?si=8fV8AAEAS9eGbAcM0cGqTw,"near-empty page (7 text chars, http 200)"
jcarlosnunezz,https://discord.gg/78rKfpGzM,"near-empty page (7 text chars, http 200)"
jordan_the_stallion8,http://pillar.io/jordan_the_stallion8,"near-empty page (6 text chars, http 200)"
julesari_,https://tapthis.io/jules2/,"near-empty page (109 text chars, http 200)"
julia_hill23,https://youtu.be/iatg_Dw-JE8?si=St57PfMT9wtc8J0y,"near-empty page (178 text chars, http 200)"
kalanilenehan,https://beacons.ai/kalanijames,"near-empty page (16 text chars, http 403)"
karelyruiz,https://youtube.com/@karelyruizmx?si=pAvyaozM2iqThxyk,"near-empty page (167 text chars, http 200)"
karenvivasxo,https://kvivasrealestate.com/,"fetch error: HTTPSConnectionPool(host='kvivasrealestate.com', port=443): Max retries exceeded with url: / (Caused by NameResolutionError(""HTTPSConnection(host='kvivasrealestate.com', port=443): Failed to resolve 'kvivasrealestate.com' ([Errno 8] nodename nor servname provided, or not known)""))"
karolg,https://karolg.lnk.to/NMADST,"near-empty page (143 text chars, http 200)"
kaylamanousselis,http://kaylafit.com/links,"near-empty page (130 text chars, http 200)"
kirapregiato,http://bouncy.ai/kirapregiato,"near-empty page (43 text chars, http 200)"
laraastormm,http://tapmy.social/larastorm,"near-empty page (79 text chars, http 200)"
lebriah_,http://youtube.com/lebriah,"near-empty page (145 text chars, http 200)"
leslydidthem,http://leslydidthem.square.site/,"near-empty page (0 text chars, http 200)"
letmedriveyoucrazy_,https://www.amazon.com/Color-Stack-Challenge-Relatable-Instructions/dp/B0FYJ7PWBY?maas=maas_adg_FC8D96F284522A86F36284B5453FC353_afap_abs&ref_=aa_maas&tag=maas&th=1,"near-empty page (153 text chars, http 200)"
lexi_marvel,https://itsleximarvel.com/,"near-empty page (65 text chars, http 200)"
lianalovexo,https://lianalove.com/,"near-empty page (42 text chars, http 200)"
lizjordan.tv,https://lizunfiltered.com/,"near-empty page (31 text chars, http 200)"
lonchedehuevito_,http://kick.com/lonche,"near-empty page (0 text chars, http 200)"
looloorunswild,https://youtube.com/@looloooffical?si=fwXtw0t3mwXugXdm,"near-empty page (171 text chars, http 200)"
luv.sophiaaar,https://sophiaruiz.vip/,"near-empty page (20 text chars, http 200)"
luxurylaw,https://www.youtube.com/@luxurylaw,"near-empty page (165 text chars, http 200)"
lydiaarose,https://bouncy.ai/lydiaarose,"near-empty page (110 text chars, http 200)"
madiiiissonnn,http://bouncy.ai/mads,"near-empty page (18 text chars, http 200)"
mazeethegoat,https://www.twitch.tv/mazeethegoat_,"near-empty page (6 text chars, http 200)"
megnutt02,https://megnutt.com/,"near-empty page (28 text chars, http 200)"
melimtx,https://linky.me/melimtx,"near-empty page (106 text chars, http 200)"
melissastratton,https://youtube.com/@melissastratton?si=J5OoDhWv5JPhih-D,"near-empty page (172 text chars, http 200)"
memoo_castilloo,https://www.instagram.com/highhatsofficial?igsh=OGQ5ZDc2ODk2ZA%253D%253D&utm_source=qr,"near-empty page (9 text chars, http 200)"
mirandita.leon,https://open.spotify.com/track/4QlKoM0Oxt5I6UvvkDT3MG?si=6F9luXpaQjCKPw6AOELQeA,"near-empty page (7 text chars, http 200)"
mixtiles,http://mixtiles.com/?utm_source=organic_ig,"near-empty page (172 text chars, http 200)"
mollcavall,http://allmylinks.com/mollycavalli,"near-empty page (16 text chars, http 403)"
nelkboys,https://youtu.be/1aHBhmLGrL4?si=F2oufhnzstXgoj1C,"near-empty page (182 text chars, http 200)"
net0n__,https://open.spotify.com/artist/6pV5zH2LzjOUHaAvENdMMa?si=y7Dki9RjQ8uDYDsOvlUG5Q,"near-empty page (7 text chars, http 200)"
notyourpublicist,http://bushmgmt.com/,"near-empty page (128 text chars, http 200)"
nursejessxx,http://linktr.ee/thejessikarains,"near-empty page (26 text chars, http 200)"
nylaagreen,https://m.twitch.tv/nyla_green,"near-empty page (6 text chars, http 200)"
olivia.c.official,https://hoo.be/olivia.c.official,"near-empty page (159 text chars, http 200)"
oneway.elijah,https://youtube.com/@oneway.elijah?si=J22lukgCZDTpt87I,"near-empty page (169 text chars, http 200)"
onlyalanajane,https://onlyalanajane.com/,"near-empty page (18 text chars, http 200)"
paigeuncaged,http://drinkpaigerade.com/,"near-empty page (38 text chars, http 200)"
